Chin Chin,/biz/chin-chin-melbourne-2
Lucy Liu Kitchen and Bar,/biz/lucy-liu-kitchen-and-bar-melbourne-2
The Kettle Black,/biz/the-kettle-black-south-melbourne
Hardware Societe,/biz/hardware-societe-melbourne
Tipo 00,/biz/tipo-00-melbourne-2
The Meat & Wine Co,/biz/the-meat-and-wine-co-melbourne-2
Miss Katie’s Crab Shack,/biz/miss-katies-crab-shack-melbourne-2
Arbory Bar & Eatery,/biz/arbory-bar-and-eatery-melbourne
Bowery to Williamsburg,/biz/bowery-to-williamsburg-melbourne-2
Supernormal,/biz/supernormal-melbourne
Cumulus,/biz/cumulus-melbourne-3
MoVida,/biz/movida-melbourne-6
Classico,/biz/classico-melbourne
The Olive Tree,/biz/the-olive-tree-south-melbourne
Red Emperor,/biz/red-emperor-southbank-2
Meatmaiden,/biz/meatmaiden-melbourne
Huxtaburger,/biz/huxtaburger-melbourne-2
Peko Peko,/biz/peko-peko-south-melbourne
Jardin Tan,/biz/jardin-tan-melbourne
Coda Bar & Restaurant,/biz/coda-bar-and-restaurant-melbourne-3
Entrecôte,/biz/entrec%C3%B4te-south-yarra-2
Ayam Chef,/biz/ayam-chef-southbank
Captain Melville,/biz/captain-melville-melbourne
Attica,/biz/attica-ripponlea-2
Riverland Bar,/biz/riverland-bar-melbourne-2
Il Solito Posto,/biz/il-solito-posto-melbourne
Dee Casa,/biz/dee-casa-southbank
La Tortilleria,/biz/la-tortilleria-kensington
Naked for Satan,/biz/naked-for-satan-fitzroy-6
Saporito Taquito,/biz/saporito-taquito-southbank
Dish Restaurant,/biz/dish-restaurant-melbourne-3
Not All There,/biz/not-all-there-south-melbourne-2
Etto,/biz/etto-south-melbourne-2
Mamasita,/biz/mamasita-melbourne-2
Waterfront Southgate,/biz/waterfront-southgate-melbourne
Operator25,/biz/operator25-melbourne
Garçon,/biz/gar%C3%A7on-melbourne
Pho Vietnam,/biz/pho-vietnam-south-melbourne
Queenie’s,/biz/queenies-southbank
Downstairs Bistro & Lounge,/biz/downstairs-bistro-and-lounge-melbourne
Trattoria Emilia,/biz/trattoria-emilia-melbourne-2
Ponyfish Island,/biz/ponyfish-island-melbourne-3
The Grain Store,/biz/the-grain-store-melbourne
Bomba,/biz/bomba-melbourne
Blondie,/biz/blondie-southbank
Gypsy & Pig,/biz/gypsy-and-pig-melbourne
Daughter in Law,/biz/daughter-in-law-melbourne
Criniti’s Southbank,/biz/crinitis-southbank-southbank
MoVida,/biz/movida-melbourne-5
The Original Cafe,/biz/the-original-cafe-south-melbourne
Brick Lane,/biz/brick-lane-melbourne-2
The Boatbuilders Yard,/biz/the-boatbuilders-yard-south-wharf-3
Cecconi’s Flinders Lane,/biz/cecconis-flinders-lane-melbourne-2
Rare Steakhouse Downtown,/biz/rare-steakhouse-downtown-melbourne-3
Tempura Hajime,/biz/tempura-hajime-south-melbourne
Nara Thai,/biz/nara-thai-south-melbourne
Asado,/biz/asado-southbank
The Trust,/biz/the-trust-melbourne
Royal Stacks,/biz/royal-stacks-melbourne
Banoi,/biz/banoi-docklands
Hakoya Ramen,/biz/hakoya-ramen-melbourne
Jing Jai Thai,/biz/jing-jai-thai-melbourne
Two Birds One Stone,/biz/two-birds-one-stone-south-yarra
Dinner by Heston Blumenthal,/biz/dinner-by-heston-blumenthal-southbank
Purple Peanuts Japanese Cafe,/biz/purple-peanuts-japanese-cafe-melbourne-2
Squires Loft Docklands,/biz/squires-loft-docklands-docklands-2
Miss Chu,/biz/miss-chu-south-melbourne
Massi,/biz/massi-melbourne
Billys Pantry,/biz/billys-pantry-southbank
Trunk,/biz/trunk-melbourne-2
Lume,/biz/lume-south-melbourne
Stove Monkey,/biz/stove-monkey-south-melbourne
Mr Huang Jin,/biz/mr-huang-jin-melbourne-2
Hopscotch,/biz/hopscotch-southbank-2
Miyako Japanese Cuisine,/biz/miyako-japanese-cuisine-melbourne
Shujinko,/biz/shujinko-melbourne
Wood ‘n Chimney,/biz/wood-n-chimney-south-melbourne
Gazi,/biz/gazi-melbourne
Nashi,/biz/nashi-south-melbourne
Story So Far,/biz/story-so-far-melbourne
Tahini Lebanese Diner,/biz/tahini-lebanese-diner-melbourne
Hell’s Kitchen,/biz/hells-kitchen-melbourne-4
Orient East,/biz/orient-east-melbourne
Henry and the Fox,/biz/henry-and-the-fox-melbourne
Mr Ramen San,/biz/mr-ramen-san-melbourne
Nobu,/biz/nobu-southbank-5
Soul Kitchen Woodfired Pizza Truck,/biz/soul-kitchen-woodfired-pizza-truck-melbourne
Mama Rumaan,/biz/mama-rumaan-docklands
My Mexican Cousin,/biz/my-mexican-cousin-no-title
Vue De Monde,/biz/vue-de-monde-melbourne-3
HWKR,/biz/hwkr-melbourne
Ichi Ichi Ku Izakaya,/biz/ichi-ichi-ku-izakaya-south-yarra
The Point,/biz/the-point-albert-park-5
Saint & Rogue,/biz/saint-and-rogue-melbourne
Universal Restaurant,/biz/universal-restaurant-carlton
Laksa House,/biz/laksa-house-melbourne-3
The Quarter,/biz/the-quarter-melbourne
Rice Paper Scissors,/biz/rice-paper-scissors-fitzroy-2
Butchers Diner,/biz/butchers-diner-melbourne
Poolhouse Coffee,/biz/poolhouse-coffee-melbourne-victoria
Kass Kass,/biz/kass-kass-melbourne
Sparrow’s Philly Cheesesteaks,/biz/sparrows-philly-cheesesteaks-fitzroy
The Workers’ Food Room,/biz/the-workers-food-room-melbourne
8 Miles Cafe & Convenience Store,/biz/8-miles-cafe-and-convenience-store-southbank
The Wharf Hotel,/biz/the-wharf-hotel-melbourne-2
Eau De Vie,/biz/eau-de-vie-melbourne
The Deck Restaurant,/biz/the-deck-restaurant-melbourne
Park Street Pasta & Wine,/biz/park-street-pasta-and-wine-south-melbourne-2
The Barre,/biz/the-barre-melbourne
Noodle House by Lao-Luangprabang,/biz/noodle-house-by-lao-luangprabang-melbourne
Atlas Dining,/biz/atlas-dining-south-yarra
Delhi Streets,/biz/delhi-streets-melbourne
Akachochin,/biz/akachochin-south-wharf-2
The Yard,/biz/the-yard-south-melbourne
Cucinetta,/biz/cucinetta-melbourne
Hash Specialty Coffee & Roasters,/biz/hash-specialty-coffee-and-roasters-melbourne-2
A Hereford Beefstouw,/biz/a-hereford-beefstouw-melbourne
Café Rosco,/biz/caf%C3%A9-rosco-south-yarra-2
Persimmon,/biz/persimmon-melbourne
Di Stasio Citta,/biz/di-stasio-citta-melbourne
Sake Restaurant & Bar,/biz/sake-restaurant-and-bar-melbourne-2
Honey Bar and Restaurant,/biz/honey-bar-and-restaurant-south-melbourne-2
Cargo,/biz/cargo-docklands
Laneway Greens,/biz/laneway-greens-melbourne
Korean Table,/biz/korean-table-melbourne
Hunter’s Kitchen & Bar,/biz/hunters-kitchen-and-bar-melbourne
The Left-Handed Chef,/biz/the-left-handed-chef-south-melbourne
Gochi,/biz/gochi-southbank
Seven Seeds,/biz/seven-seeds-carlton
Ten Years Cafe,/biz/ten-years-cafe-southbank
Mock Turtle,/biz/mock-turtle-melbourne
Berth,/biz/berth-docklands
Little Collins St Kitchen,/biz/little-collins-st-kitchen-melbourne
Don Don Australia,/biz/don-don-australia-south-melbourne
Ho Chi Mama,/biz/ho-chi-mama-melbourne
Coppersmith Bar & Bistro,/biz/coppersmith-bar-and-bistro-south-melbourne
South Melbourne Seafood Peddler,/biz/south-melbourne-seafood-peddler-south-melbourne
Claypots Seafood Bar,/biz/claypots-seafood-bar-st-kilda-2
Rosco’s at Chevron Cafe Bar,/biz/roscos-at-chevron-cafe-bar-melbourne
Cutler & Co.,/biz/cutler-and-co-fitzroy
Rosco’s at Chevron Cafe Bar,/biz/roscos-at-chevron-cafe-bar-melbourne
Cutler & Co.,/biz/cutler-and-co-fitzroy
St Ali,/biz/st-ali-south-melbourne
Bedi’s Indian Restaurant,/biz/bedis-indian-restaurant-south-melbourne-3
French Saloon,/biz/french-saloon-melbourne
Ciel Café,/biz/ciel-caf%C3%A9-southbank
Pho Hung Vuong 2,/biz/pho-hung-vuong-2-richmond-3
Cherry & Twigs,/biz/cherry-and-twigs-melbourne
Script Bar & Bistro,/biz/script-bar-and-bistro-melbourne
Waffle On,/biz/waffle-on-melbourne
Squires Loft,/biz/squires-loft-melbourne-3
Byblos Bar & Restaurant,/biz/byblos-bar-and-restaurant-melbourne
Ciao Cielo,/biz/ciao-cielo-port-melbourne
Shanghai Master Dumpling,/biz/shanghai-master-dumpling-melbourne
Borsch Vodka & Tears,/biz/borsch-vodka-and-tears-windsor
Bacash Restaurant,/biz/bacash-restaurant-south-yarra-2
Bar Americano,/biz/bar-americano-melbourne
Bobbie Peels,/biz/bobbie-peels-north-melbourne
Maha,/biz/maha-melbourne-2
Melina On Rooftop,/biz/melina-on-rooftop-melbourne
Ayam Chef,/biz/ayam-chef-melbourne
Pink Flake,/biz/pink-flake-st-kilda
Little Flinders,/biz/little-flinders-melbourne
Uncle Jung’s,/biz/uncle-jungs-melbourne-cbd
Belles Hot Chicken,/biz/belles-hot-chicken-fitzroy
Sam Sam,/biz/sam-sam-melbourne
Cafe Saporo,/biz/cafe-saporo-melbourne
Vlado’s,/biz/vlados-richmond
Red Door Corner Store,/biz/red-door-corner-store-northcote
Mrs Parma’s,/biz/mrs-parmas-melbourne
The Meatball & Wine Bar,/biz/the-meatball-and-wine-bar-melbourne
The Atlantic,/biz/the-atlantic-melbourne
The Beer and Burger Bar,/biz/the-beer-and-burger-bar-melbourne
Slater St. Bench,/biz/slater-st-bench-melbourne
Sakura,/biz/sakura-docklands
Platform 28,/biz/platform-28-docklands-2
Aunty Franklee,/biz/aunty-franklee-melbourne
Fifty Acres,/biz/fifty-acres-richmond
Stokers South Melbourne,/biz/stokers-south-melbourne-south-melbourne-3
El Coco,/biz/el-coco-melbourne
The Piano Thai Restaurant and Bar,/biz/the-piano-thai-restaurant-and-bar-richmond
The Moat,/biz/the-moat-melbourne
Mezmez,/biz/mezmez-williamstown
the espressonist.,/biz/the-espressonist-docklands
Hana,/biz/hana-melbourne
Guhng - the Palace,/biz/guhng-the-palace-melbourne
Teatro Southbank,/biz/teatro-southbank-melbourne-2
Bellota,/biz/bellota-south-melbourne
Philippe,/biz/philippe-melbourne
Agapi,/biz/agapi-melbourne
Shanghai Street Dumpling,/biz/shanghai-street-dumpling-melbourne-2
Claypots Barbarossa,/biz/claypots-barbarossa-melbourne
Mr Wow’s Emporium,/biz/mr-wows-emporium-fitzroy-3
Kisumé,/biz/kisum%C3%A9-melbourne
Kinfolk,/biz/kinfolk-melbourne
Hello José,/biz/hello-jos%C3%A9-west-melbourne-2
Cafe Batavia,/biz/cafe-batavia-melbourne
Soprano’s Bar & Pizzeria,/biz/sopranos-bar-and-pizzeria-melbourne
Dragon Hot Pot,/biz/dragon-hot-pot-melbourne
Ikkoryu Fukuoka Ramen,/biz/ikkoryu-fukuoka-ramen-melbourne
Persian Grill,/biz/persian-grill-melbourne
Ladro,/biz/ladro-fitzroy
Spitiko,/biz/spitiko-south-melbourne
Pure South,/biz/pure-south-melbourne
Sandbar Beach Cafe,/biz/sandbar-beach-cafe-middle-park
The Melbourne Supper Club,/biz/the-melbourne-supper-club-melbourne-4
VPR Vietnamese Street Food,/biz/vpr-vietnamese-street-food-no-title
Victorian Wine Centre,/biz/victorian-wine-centre-middle-park-3
Mama Tran,/biz/mama-tran-south-melbourne
Rockwell and Sons,/biz/rockwell-and-sons-collingwood
Little Ramen Bar,/biz/little-ramen-bar-melbourne
Noir Restaurant,/biz/noir-restaurant-richmond
The Common Man,/biz/the-common-man-melbourne
Sensory Lab,/biz/sensory-lab-melbourne-3
Ocean 12,/biz/ocean-12-southbank
Lygon Charcoal Grill & Steakhouse Restaurant,/biz/lygon-charcoal-grill-and-steakhouse-restaurant-carlton-3
Lupino,/biz/lupino-melbourne-2
The Travellers Bar,/biz/the-travellers-bar-melbourne
Italia +39 Pizzeria & Degustation,/biz/italia-39-pizzeria-and-degustation-melbourne
Speakeasy Kitchen Bar,/biz/speakeasy-kitchen-bar-south-yarra
Japanese Teppanyaki Inn,/biz/japanese-teppanyaki-inn-melbourne-2
The League of Honest Coffee,/biz/the-league-of-honest-coffee-melbourne
De Mad Hatter,/biz/de-mad-hatter-docklands
Il Duca,/biz/il-duca-east-melbourne
Auction Rooms,/biz/auction-rooms-north-melbourne
Pascale Bar & Grill,/biz/pascale-bar-and-grill-melbourne
Ichi Ni Nana Izakaya,/biz/ichi-ni-nana-izakaya-fitzroy
A Fan’s Notes,/biz/a-fans-notes-melbourne
Long Dragon Dumpling House,/biz/long-dragon-dumpling-house-south-melbourne
Grab A Yabby,/biz/grab-a-yabby-melbourne
